Carrier;121;
Carrier;123;
Carrier;182;
Carrier;257;
Carrier;273;
Carrier;301;
Carrier;406;
National Air System;568;
Carrier;640;
Carrier;776;
Carrier;803;
National Air System;820;
Carrier;857;
National Air System;875;
National Air System;908;
National Air System;909;
Carrier;983;
Carrier;1040;
Carrier;1450;
Carrier;1516;
National Air System;1552;
Weather;1668;
Weather;1669;
Carrier;1675;
Weather;1678;
Carrier;1703;
Carrier;1707;
Weather;1722;
Weather;1723;
Weather;1724;
Weather;1725;
Weather;1726;
Carrier;1748;
Carrier;1758;
Carrier;1772;
Carrier;1779;
Carrier;1783;
Carrier;1789;
Carrier;1846;
Carrier;1847;
Carrier;1850;
Carrier;1851;
Carrier;1857;
Carrier;1858;
Carrier;1868;
Carrier;1880;
Carrier;1887;
Carrier;1888;
Carrier;1935;
Weather;1971;
Weather;1977;
Weather;1978;
Weather;1987;
Weather;1988;
Weather;2001;
Weather;2032;
Weather;2049;
Weather;2056;
Weather;2057;
Weather;2058;
Weather;2068;
Weather;2074;
Weather;2279;
Weather;2281;
Weather;2283;
Weather;2288;
Weather;2298;
Weather;2299;
Weather;2328;
Weather;2329;
Weather;2330;
Weather;2333;
Weather;2334;
Weather;2335;
Carrier;2338;
Weather;2339;
Weather;2397;
Weather;2398;
National Air System;2702;
National Air System;2758;
Carrier;2772;
Carrier;2938;
National Air System;2962;
Carrier;3009;
Carrier;3030;
National Air System;3068;
Carrier;3471;
Carrier;3513;
Carrier;3561;
Carrier;3589;
Carrier;3594;
Carrier;3614;
Carrier;3617;
Carrier;3618;
Carrier;3622;
Carrier;3623;
Carrier;3624;
Carrier;3625;
Carrier;3628;
Carrier;3630;
Carrier;3631;
Carrier;3635;
Carrier;3637;
Carrier;3638;
Carrier;3670;
Carrier;3823;
Carrier;3843;
Carrier;3942;
Weather;3999;
Carrier;4020;
Carrier;4065;
Carrier;4125;
Carrier;4146;
Carrier;4270;
Carrier;4450;
Carrier;4780;
Carrier;4819;
Carrier;4821;
Carrier;4822;
Carrier;4878;
Carrier;4879;
National Air System;4882;
Carrier;4958;
Carrier;4959;
Carrier;4998;
Carrier;5162;
Carrier;5163;
Carrier;5230;
Carrier;5234;
Carrier;5293;
Weather;5297;
Weather;5315;
Weather;5317;
Weather;5325;
Weather;5352;
Weather;5355;
Carrier;5371;
Weather;5377;
Weather;5378;
National Air System;5392;
Carrier;5405;
National Air System;5410;
Carrier;5411;
Carrier;5488;
Carrier;5561;
Carrier;5677;
National Air System;5678;
National Air System;5679;
National Air System;5819;
Carrier;5872;
National Air System;5873;
National Air System;5941;
National Air System;5942;
Carrier;5995;
National Air System;6021;
National Air System;6073;
Carrier;6088;
National Air System;6117;
National Air System;6181;
National Air System;6184;
National Air System;6189;
National Air System;6194;
Carrier;6202;
Carrier;6207;
National Air System;6222;
National Air System;6226;
Carrier;6227;
National Air System;6253;
National Air System;6330;
Weather;6374;
National Air System;6375;
National Air System;6376;
National Air System;6377;
National Air System;6378;
National Air System;6382;
National Air System;6390;
National Air System;6393;
National Air System;6395;
National Air System;6403;
Carrier;6411;
National Air System;6426;
National Air System;6430;
National Air System;6435;
National Air System;6437;
National Air System;6446;
National Air System;6447;
National Air System;6448;
Weather;6450;
Weather;6453;
National Air System;6461;
National Air System;6468;
National Air System;6471;
National Air System;6490;
Weather;6493;
Weather;6505;
Weather;6507;
Weather;6525;
National Air System;6541;
National Air System;6542;
Weather;6543;
Weather;6934;
Weather;6941;
Weather;6942;
Weather;6943;
Weather;6961;
Weather;6969;
Weather;6978;
Weather;6988;
Weather;6997;
Weather;7002;
Weather;7025;
Carrier;7030;
Weather;7040;
Weather;7065;
Weather;7066;
Weather;7118;
Weather;7127;
Weather;7131;
Weather;7135;
Weather;7148;
Weather;7162;
Weather;7163;
Weather;7166;
Weather;7173;
Weather;7176;
Weather;7238;
Carrier;7241;
Weather;7244;
Weather;7249;
Carrier;7300;
Weather;7307;
Weather;7309;
Carrier;7344;
Weather;7347;
Weather;7350;
Weather;7352;
Carrier;7354;
Weather;7433;
Weather;7496;
Weather;7500;
Weather;7501;
Weather;7502;
Weather;7503;
Weather;7506;
Weather;7507;
Weather;7532;
Weather;7533;
Weather;7534;
Weather;7554;
Weather;7556;
Weather;7559;
Weather;7578;
National Air System;7588;
Weather;7625;
Weather;7626;
Weather;7638;
Carrier;7646;
Carrier;7683;
Carrier;7704;
Carrier;7788;
National Air System;7830;
Carrier;7837;
Carrier;7838;
Carrier;7863;
National Air System;7871;
Carrier;7882;
Carrier;7962;
Carrier;7967;
Weather;7971;
Weather;8093;
Weather;8183;
Carrier;8195;
Carrier;8209;
Weather;8217;
Carrier;8254;
Carrier;8259;
Weather;8337;
Carrier;8340;
National Air System;8346;
National Air System;8370;
Carrier;8428;
Carrier;8439;
Carrier;8440;
Carrier;8511;
Carrier;8584;
Carrier;8631;
Carrier;8647;
Carrier;8754;
Weather;8756;
Carrier;8777;
Weather;8801;
Carrier;8841;
Carrier;8850;
Carrier;8903;
Carrier;8928;
Carrier;8934;
Carrier;8953;
Carrier;9057;
Carrier;9063;
Weather;9067;
Carrier;9210;
Carrier;9300;
Carrier;9347;
Carrier;9370;
Carrier;9444;
Carrier;9501;
Carrier;9544;
National Air System;9619;
Carrier;9650;
Carrier;9652;
Carrier;9725;
Carrier;9768;
Carrier;9813;
National Air System;9814;
Carrier;9834;
National Air System;9842;
Carrier;9903;
Carrier;9907;
Carrier;10004;
Carrier;10005;
Carrier;10006;
Carrier;10007;
Carrier;10010;
Carrier;10011;
Carrier;10043;
Carrier;10054;
Carrier;10055;
Carrier;10056;
Carrier;10080;
Carrier;10082;
Carrier;10092;
Carrier;10093;
Carrier;10118;
Carrier;10125;
Carrier;10128;
Carrier;10138;
Carrier;10139;
National Air System;10182;
Carrier;10221;
National Air System;10231;
Carrier;10242;
Carrier;10255;
Carrier;10263;
Carrier;10371;
Carrier;10430;
Carrier;10431;
Carrier;10454;
National Air System;10490;
Carrier;10663;
National Air System;10690;
Carrier;10705;
Carrier;10762;
Carrier;10780;
Carrier;10863;
Carrier;10937;
National Air System;11009;
Carrier;11023;
Carrier;11093;
Carrier;11094;
Carrier;11115;
Carrier;11168;
Carrier;11235;
Carrier;11236;
Carrier;11260;
National Air System;11328;
Carrier;11348;
Carrier;11394;
Carrier;11415;
Carrier;11449;
Carrier;11465;
Carrier;11641;
Carrier;11671;
National Air System;12047;
National Air System;12049;
National Air System;12087;
National Air System;12172;
Weather;12213;
National Air System;12261;
National Air System;12398;
National Air System;12414;
Weather;12427;
National Air System;12439;
Carrier;12611;
Carrier;12620;
Carrier;12642;
Carrier;12658;
Carrier;12663;
Carrier;12665;
Carrier;12667;
Carrier;12673;
Carrier;12704;
Carrier;12750;
Weather;12775;
Carrier;12828;
Carrier;12829;
Carrier;12834;
Carrier;12920;
Carrier;12945;
Carrier;12946;
Carrier;12963;
Carrier;12964;